{"cameraMode":{"drawMode":0,"name":"Shaded","section":"Shading Mode"},"sceneLighting":true,"audioPlay":false,"sceneViewState":{"showFog":true,"showMaterialUpdate":false,"showSkybox":true,"showFlares":true,"showImageEffects":true,"showParticleSystems":true},"in2DMode":false,"pivot":{"x":1.3819018602371216,"y":12.50146770477295,"z":6.912055969238281},"rotation":{"x":0.2837914824485779,"y":0.1587212085723877,"z":-0.04769279062747955,"w":0.9444563984870911},"size":16.607147216796876,"orthographic":false}