{"cameraMode":{"drawMode":0,"name":"Shaded","section":"Shading Mode"},"sceneLighting":false,"audioPlay":false,"sceneViewState":{"showFog":true,"showMaterialUpdate":false,"showSkybox":false,"showFlares":true,"showImageEffects":true,"showParticleSystems":true},"in2DMode":false,"pivot":{"x":3.244548797607422,"y":8.731527328491211,"z":4.872702598571777},"rotation":{"x":0.1775207817554474,"y":0.44338637590408327,"z":-0.09006267786026001,"w":0.873948872089386},"size":16.543054580688478,"orthographic":false}