{"cameraMode":{"drawMode":0,"name":"Shaded","section":"Shading Mode"},"sceneLighting":false,"audioPlay":false,"sceneViewState":{"showFog":true,"showMaterialUpdate":false,"showSkybox":false,"showFlares":true,"showImageEffects":true,"showParticleSystems":true},"in2DMode":false,"pivot":{"x":-0.20000076293945313,"y":1.0999999046325684,"z":0.15000000596046449},"rotation":{"x":0.3163644075393677,"y":-0.00569250900298357,"z":0.0018969604279845954,"w":0.9486249685287476},"size":23.2730655670166,"orthographic":true}