{"cameraMode":{"drawMode":0,"name":"Shaded","section":"Shading Mode"},"sceneLighting":true,"audioPlay":false,"sceneViewState":{"showFog":true,"showMaterialUpdate":false,"showSkybox":true,"showFlares":true,"showImageEffects":true,"showParticleSystems":true},"in2DMode":false,"pivot":{"x":19.103092193603517,"y":-1.5171852111816407,"z":10.603885650634766},"rotation":{"x":0.20022067427635194,"y":0.5586671233177185,"z":-0.14116469025611878,"w":0.7923876643180847},"size":18.249759674072267,"orthographic":false}